nome;quantidade
Maria Sophia;71
João Vitor;66
Fernando;64
Beatriz;64
Davi Luiz;63
Antônio;62
Gabriel;62
Marcela;61
André;61
Pedro Miguel;60
Helena;60
Benjamin;60
Bernardo;59
Nathan;59
Ana;59
Ana Carolina;59
Thomas;59
Juan;59
Vitor Hugo;58
Maysa;58
Ana Sophia;58
Bárbara;58
Rodrigo;57
Davi Lucas;57
Joaquim;57
Luiza;57
João;57
Breno;57
Amanda;57
Isabella;56
Francisco;56
Emanuelly;56
João Felipe;56
Mariane;55
Joana;55
Pedro Henrique;55
Alícia;55
Catarina;55
Lucca;55
Davi;55
Agatha;55
Mirella;55
Otávio;54
Brenda;54
Marcelo;54
Pedro;54
Samuel;54
Noah;54
Miguel;54
Augusto;54
Heitor;53
Yuri;53
Nina;53
Rebeca;53
Mariana;53
Luiz Otávio;53
Thiago;53
Levi;53
Lavínia;53
Raul;53
Erick;53
João Gabriel;53
Nicolas;52
Gabriela;52
Caio;52
Ana Julia;52
Sophia;52
Letícia;52
Ana Lívia;52
Esther;52
Juliana;52
João Guilherme;52
Isabelly;52
Nicole;52
Lorena;52
Bruno;52
Carlos Eduardo;51
Raquel;51
Ana Júlia;51
Camila;51
Olivia;51
Thales;51
Clarice;51
Enzo;51
Bruna;51
Felipe;51
Maria;50
Maria Vitória;50
Yago;50
Caroline;50
Maria Fernanda;50
Yasmin;50
Emilly;50
Isabel;50
Luiz Miguel;50
Kevin;50
Renan;50
Carolina;50
Vicente;49
Maria Eduarda;49
Sofia;49
Luana;49
Paulo;49
Maria Clara;49
Júlia;49
Maria Alice;49
Theo;48
Clara;48
Bryan;48
Ana Laura;48
Calebe;48
Lara;48
Evelyn;48
Cauã;48
Henrique;48
Vinicius;48
Eduardo;48
Enzo Gabriel;48
Diogo;48
Lívia;48
Davi Lucca;48
Gustavo Henrique;48
Vitor Gabriel;47
Manuela;47
Lucas;47
Luiz Gustavo;47
Emanuel;47
Natália;47
Alexia;47
Alana;47
Alexandre;47
Sophie;47
Bianca;47
Pietro;46
João Pedro;46
Maria Julia;46
Pietra;46
Stephany;46
Guilherme;46
Pedro Lucas;46
Igor;46
Gabrielly;46
Kamilly;46
Larissa;46
Maitê;46
Vitória;46
Milena;46
Vitor;46
Daniel;45
Isis;45
Ana Vitória;45
Giovanna;45
Maria Cecília;45
Anthony;45
Matheus;45
Marina;45
Ryan;45
João Lucas;45
Benício;45
Ian;44
Diego;44
Julia;44
Sarah;44
Danilo;44
Murilo;43
Rafaela;43
Lorenzo;43
Eduarda;43
Elisa;43
Fernanda;42
Kaique;42
Ana Luiza;42
Isadora;42
Arthur;42
Alice;41
Laís;41
Melissa;41
Eloah;41
Valentina;41
Leonardo;41
Lucas Gabriel;41
Ana Clara;40
João Miguel;39
Luna;39
Luigi;39
Cecília;39
Stella;39
Ana Beatriz;39
Daniela;39
Laura;38
Leandro;38
Luiz Felipe;38
Maria Luiza;38
Marcos Vinicius;37
Gustavo;37
Emanuella;37
Luiz Henrique;36
Enrico;34
Luiz Fernando;34
Isaac;34
Sabrina;34
Cauê;33
Rafael;31
Heloísa;30
